Признак,Важность (Падение PR-AUC),Разброс (std)
OverTime,0.20510100875191856,0.0351726163060616
Overall_Satisfaction,0.09377376483934072,0.01950952655007283
NumCompaniesWorked,0.07142028129198683,0.01375573204173287
DistanceFromHome,0.04313487921487165,0.020719157130268208
StockOptionLevel,0.04015986046742763,0.024438064545133704
YearsSinceLastPromotion,0.03795241267613912,0.0202029430291671
BusinessTravel,0.03438453544128851,0.018545638994468348
JobSatisfaction,0.01763558666049908,0.009593506179503723
EnvironmentSatisfaction,0.01496472734035409,0.010196511873543083
WorkLifeBalance,0.01297337573419909,0.006974048489575432
TotalWorkingYears,0.012255850114668176,0.030525858982577637
TrainingTimesLastYear,0.011627682745594925,0.013055857093682455
Age,0.011589220695431935,0.025453938205838567
JobInvolvement,0.007428336556368797,0.005736335344574802
Gender,0.0033528038917752688,0.0044527276465520455
EducationField,0.0026360305532192596,0.010124886133091827
YearsWithCurrManager,0.002258806612861308,0.0242842567138237
Generation,3.6605188221705555e-05,0.007924581562257487
MonthlyIncome,-0.0005133265642206841,0.01844740667233666
YearsInCurrentRole,-0.004199420887666639,0.02482407036645533
JobRole,-0.007577962238846181,0.017298742016620256
YearsAtCompany,-0.010854112129065185,0.014688655129508999
MaritalStatus,-0.01206910351717273,0.011151361031786681
